dataset_index,y_true,y_pred,p_fraud,title,company_profile,description,location,industry,required_experience,required_education,employment_type,function,is_error,error_type,error_magnitude
11078,1,0,0.03856702277461094,Real Services,,See Rohan,,,,,,,True,false_negative,0.9614329772253891
14666,0,1,0.8944352745971854,Payroll  Clerk $20/hr,,"The Accounting clerk will work in a team environment providing general clerical, accounting and office support. Primary duties will include but are not limited to: data entry (both numerical and alphabetical) , filing, bank statement reconciliation. Generating client's monthly financial statements. Handling Rebates The hours of the position are 8:0","US, CT, Bridgeport",Information Technology and Services,Entry level,High School or equivalent,Full-time,Accounting/Auditing,True,false_positive,0.8944352745971854
11538,0,1,0.8655857614400735,Human Resources Administrator,,"JOB DESCRIPTIONThe Human Resources Administrator manages the day-to-day operations of the Human Resource office. The HR Administrator manages the administration of the human resources policies, procedures and programs. The HR Generalist carries out responsibilities in the following functional areas: payroll (time and attendance), departmental devel","US, GA, Suwanee",Human Resources,Entry level,High School or equivalent,Contract,Manufacturing,True,false_positive,0.8655857614400735
6295,0,1,0.8328936805535107,Data Entry,,"This is a data entry position, Working hours are flexible. you are also expected to come online through Yahoo Messenger during working hours and also for your online interview / job briefing.i will like to let you know that This is strictly an online/work from home job the working hours are flexible and you can choose to work from anywhere of your ","US, , ",,,High School or equivalent,Contract,Administrative,True,false_positive,0.8328936805535107
5307,0,1,0.8276913430641704,Administrative Assistant/Front Desk Clerk,,"The Administrative Assistant will make a first impression on our customers and therefore is required to maintain a high level of professionalism and personal standard of attitude, behavior and appearance. The Administrative Assistant is responsible for providing the highest level of customer service, by managing the front desk console and interacti","US, , San Antonio",,,,,,True,false_positive,0.8276913430641704
4004,0,1,0.8140306882551653,Customer Service ,,"Our client is seeking an Customer Service with 1 plus years of experience.The ideal candidate must have-1 plus years of experience in the support role-Calendar, scheduling, correspondence, phones-Conference Planning, travel accommodations, hotel bookings, car rentals- Word, Excel and PowerPoint","US, , ",Hospital & Health Care,,,Other,Customer Service,True,false_positive,0.8140306882551653
13601,0,1,0.7683794306445529,Accounting Clerk $20/hr,,"The Accounting clerk will work in a team environment providing general clerical, accounting and office support. Primary duties will include but are not limited to: data entry (both numerical and alphabetical) , filing, bank statement reconciliation. Generating client's monthly financial statements. Handling Rebates The hours of the position are 8:0","US, NJ, Newark",Information Technology and Services,Entry level,High School or equivalent,Full-time,Accounting/Auditing,True,false_positive,0.7683794306445529
16590,0,1,0.6672528317902998,Administrative Assistant,,We currently have an opening for an Administrative Assistant. This is a virtual position and you must be comfortable working from home. A computer with reliable internet and basic computer skills are a must. We are looking for someone who has great organizational skills and has the ability to pay great attention to detail.,"US, TX, Houston",Insurance,Not Applicable,High School or equivalent,Full-time,Administrative,True,false_positive,0.6672528317902998
4084,0,1,0.6435930625265476,Accounting Assistant,,"We know your career is among the most important things in your life. Our company is currently seeking a Assistant Accountant.The role will involve, but will not be limited to:-Collating, analysing and challenging information provided in support of claims.-Undertake financial analysis for quantification of damages/losses and extrapolation of data.-C","AU, NSW, Sydney",,,,,,True,false_positive,0.6435930625265476
1824,0,1,0.6160832501697023,Data Entry,,•Prepares source data for computer entry by compiling and sorting information; establishing entry priorities.  •Processes customer and account source documents by reviewing data for deficiencies; resolving discrepancies by using standard procedures or returning incomplete documents to the team leader for resolution.•Enters customer and account data,"US, WA, ARDENVOIR WA  ",,,,,,True,false_positive,0.6160832501697023
8344,0,1,0.6133989871532419,Writing Job,,We are a company looking for qualified individuals to help out with writing tasks such as:- short stories- movie scripts- magazines- ebooks- articles- news feeds- blog posts- PR websites… and more. Job Duties Include:- Draft and create content for lifestyle and health related websites- Research new products and services with the relation to the con,"US, NY, New York City",Writing and Editing,Entry level,High School or equivalent,Part-time,Writing/Editing,True,false_positive,0.6133989871532419
5735,0,1,0.5997166761580625,Part Time Ground representative,,Work for a world leading NGO- Non Governmental OrganisationAs a ground representative. No previous experience required.Earn good without affecting your current schedule.,"US, PA, Brookhaven",,Not Applicable,High School or equivalent,Part-time,,True,false_positive,0.5997166761580625
2622,0,1,0.5851564571744952,DATA ENTRY CLERK SPECIALIST,,Data Entry Clerk Specialist serves to support the Director of Operatuions within the Administrative or other areas as assigned in a Deputy Registrar's office of the Department of Motor Vehicles.,"US, MN, South St. Paul",Government Administration,Associate,High School or equivalent,Full-time,Administrative,True,false_positive,0.5851564571744952
6907,0,1,0.5797032223072307,Administrative Assistant,,"Open/close office, manage phones, greet and direct visitor'sProvide one-on-one assistance to the President of companyMaintain calendars and appointment schedulesOversight &amp; reporting of A/R and accounts payableGeneral office duties: email, mail sorting, scanning, faxing, return calls, tidyingMaintain inventory and suppliesAvailable to answer ev","US, , Shawnee",,,,Full-time,Administrative,True,false_positive,0.5797032223072307
17860,0,1,0.575522798623326,Immediate Requirement: iOS Developer for Qatar,,"Greetings from VAM SYSTEMS…..VAM SYSTEMS is a Business Consulting, IT Solutions and Services company with operations in UAE, Qatar, Bahrain, USA, Australia, Singapore &amp; India. We offers a comprehensive list of services in the field of IT infrastructure management, Cloud services, IT Consulting Services, Banking, Management Resources, Informatio","QA, DA, ",,,,,,True,false_positive,0.575522798623326
16784,0,1,0.5549024999159261,Urgent Requirement :iOS Developer for Qatar,"VAM SYSTEMS is a Business Consulting, IT Solutions and Services company with operations in UAE, Qatar, Bahrain, USA, Australia, Singapore &amp; India. . We offers a comprehensive list of services in the field of IT infrastructure management, Cloud services, IT Consulting Services, Banking, Management Resources, Information Technology Development, Telecom, Aviation, Retail Management &amp; Government offerings.","Greetings from VAM SYSTEMS…..VAM SYSTEMS is a Business Consulting, IT Solutions and Services company with operations in UAE, Qatar, Bahrain, USA, Australia, Singapore &amp; India. We offers a comprehensive list of services in the field of IT infrastructure management, Cloud services, IT Consulting Services, Banking, Management Resources, Informatio","QA, DA, ",,,,,,True,false_positive,0.5549024999159261
262,0,1,0.5459216555752072,Data Entry/Customer Service Rep,,As a Data Entry/Customer Service Representative you will be responsible for simultaneously managing inbound and outbound phone calls and processing customer payments.  Being able to multi-task is very important in this position as you will need to input data into the computer systems while on the phone with the customers.  Customers may be calling ,"US, CT, Danbury",,Entry level,High School or equivalent,Full-time,Customer Service,True,false_positive,0.5459216555752072
3770,0,1,0.5336878091149861,Dental Receptionist / Dental Office Manager,"SunnyView Dental offers a variety of cosmetic, family, and emergency dental services in clinics around Ontario.Our dental offices are open 7 days a week and offer direct insurance billing.Please see our website for more information.",SunnyView Dental is looking for an *experienced* dental receptionist leading to an office manager position in our GEORGETOWN location. We are Canada's fastest growing chain of dental practices and there is room for both professional and financial growth when you choose a career at SunnyView Dental.Responsibilities will include but are not limited t,"CA, ON, Georgetown",Hospital & Health Care,,,Full-time,Administrative,True,false_positive,0.5336878091149861
7891,0,1,0.5252915416093779,Administrative Assistant,,We currently have an opening for an Administrative Assistant. This is a virtual position and you must be comfortable working from home. A computer with reliable internet and basic computer skills are a must. We are looking for someone who has great organizational skills and has the ability to pay great attention to detail.,"US, TX, San Antonio",Insurance,Not Applicable,High School or equivalent,Full-time,Administrative,True,false_positive,0.5252915416093779
17868,0,1,0.5151412509769983,Admin Assistant ,,"We are seeking an administrator to work in a busy sales environment to support a small team of sales executives. Duties will involve database management - compiling email addresses from various data sources. In addition, some inbound telephone answering will be required and therefore you will need to have a confident telephone manner and be able to","GB, WSX, Chichester",Human Resources,Entry level,Unspecified,Full-time,Sales,True,false_positive,0.5151412509769983
16649,0,1,0.5059870913963076,Administrative Assistant,,We currently have an opening for an Administrative Assistant. This is a virtual position and you must be comfortable working from home. A computer with reliable internet and basic computer skills are a must. We are looking for someone who has great organizational skills and has the ability to pay great attention to detail.,"US, GA, Atlanta",Insurance,Not Applicable,High School or equivalent,Full-time,Administrative,True,false_positive,0.5059870913963076
5853,0,1,0.49632377172368425,Tankage,,"A company in oil &amp; gas that has grown into one of Malaysia’s leading integrated specialist technical services providers to the oil, gas and petrochemical industry.","MY, 10, Petaling Jaya",Oil & Energy,Mid-Senior level,,Full-time,Engineering,True,false_positive,0.49632377172368425
15135,0,1,0.48344318928369023,Payroll Processor,,"JOB DESCRIPTIONClassification: Payroll ProcessorCompensation:  $20.00 per hourOur multi-specialty medical group in New York is seeking an experienced payroll clerk to support their department, this position is a temp-hire If you are seeking a short-term or  long term  project and are determined and organized, please send your resumeResponsibilities","US, NY, New York",Accounting,Entry level,,Contract,Accounting/Auditing,True,false_positive,0.48344318928369023
14138,0,1,0.4789523770377007,Direct Sales Opportunity,Distributor of Award Winning Personal Empowerment accredited course. Helping others to start their own home businesses.,"This is a business model, which supports your life in alignment with who you are and how you want to be in the world, liberating you from the old economy paradigms.This opportunity is for Big Thinkers Only. Make up to $5,000 USD per sale. Would suit entrepreneurial, self motivated person. Our business is booming in this unstable economy &amp; we se","GB, GBN, London",,,,,,True,false_positive,0.4789523770377007
557,0,1,0.47644399632345985,Asistente Administrativa,"R.H. ÁGIL es una empresa dedicada a ofrecer servicios de Recursos Humanos, especializada en las áreas de Asesoría, Administración, Selección de Personal y Desarrollo Organizacional ofreciendo un servicio innovador y de alta calidad..","Servicio al ClienteBuenas relaciones personalesManejo Microsoft office, internet, manejo de archivosOrganizada y atención a detalles.Conocimiento del sistema de seguridad social de PanamáTrabajo en equipo.","PA, 8, Panama",Accounting,Entry level,High School or equivalent,Full-time,Accounting/Auditing,True,false_positive,0.47644399632345985
9029,0,1,0.4669983078071486,Appointment coordinator,We are testing a new program that allows people with a driven attitude to partner with a industry leader in sales.  Learning is the best way to increase your income.  Self starters will have the opportunity to engage in many products.  We will give you information after reviewing your application and let you know if we are interested in your skills.  NO PHONE CALLS PLEASE,"Who doesn’t want a competitive compensation package AND the opportunity to work with a company that has reported 30% growth consecutively over the last few years and make up to $500 to $1000. (NO PHONE CALLS PLEASE ALL APPOINTMENTS SET BY APPOINTMENT ONLY) We are excited to be leading the initiative for our high end clients, a growing company in th","US, IL, burbank",Automotive,Associate,Unspecified,Contract,Advertising,True,false_positive,0.4669983078071486
38,0,1,0.46000721603011013,PROJECT MANAGER,,"we are looking for a Project Manager. The Project Manager works within the Project Management Department, which is responsible for the management of offshore projects, executed for major oil and gas exploration companies worldwide. The Project Manager manages projects in compliance with the applicable management systems and in such a way that they ","US, TX, HOUSTON",Oil & Energy,Mid-Senior level,Bachelor's Degree,Full-time,Engineering,True,false_positive,0.46000721603011013
8194,0,1,0.4547887628458447,Accounting Clerk $15/hr,,"The Accounting Clerk will work in a team environment providing general clerical, accounting and office support. Primary duties will include but are not limited to: data entry (both numerical and alphabetical) , filing, bank statement reconciliation. Generating client's monthly financial statements. Handling Rebates The hours of the position are 8:0","US, TX, San Antonio",Accounting,Entry level,High School or equivalent,Full-time,Accounting/Auditing,True,false_positive,0.4547887628458447
5448,0,1,0.4518603735451762,Customer Service Agent,,"Position: Call Center Customer Service AgentDo you make friends feel better when they are down?Do you help relatives set up email on their computer?AND you do it over the phone!! If you do, you should use your compassion and put your service skills to use to help you earn money and start a career in customer service. Where is this opportunity?Gaute","ZA, GT, Johannesburg",Financial Services,Not Applicable,High School or equivalent,Full-time,Customer Service,True,false_positive,0.4518603735451762
4088,0,1,0.4499274622814583,Admin Assistant,,"This is an ideal position for a student who is looking for a flexible part time position and who is looking to gain some hands on skills with an established international brand, or for someone looking for steady, part-time employment.Your responsibilities include:•Entering Purchase Orders•Filing•Data Entry• Another duties as required•liaising with ","AU, NSW, Sydney",,,,,,True,false_positive,0.4499274622814583
25,0,1,0.44665005891668513,Customer Service ,,We are a canary wharf based e-commerce company and are recruiting for a full time customer service administrator.   This is a contractor role.The successful candidate will ideally have previous customer service experience and have good verbal and written communication skills.Duties includes-Telephone and email customer service-Processing informatio,"GB, LND, London",,,,,,True,false_positive,0.44665005891668513
6523,0,1,0.44226580394438536,Brand & Logo Design Contest!!!,"Insight Riot! is a Digital Marketing Company that helps businesses understand and execute Lead Generation strategies through Awareness / Traffic Strategies, Optimization and Hypothesis Testing and Marketing Funnel Automation and Reporting. Long and short...we help companies leverage technology for business growth.","Calling all hungry, young &amp; fresh designers!!!! We want you for a brand &amp; logo design contest. Local startup business is looking for identity designs. Who are we:This Goes ToWhat we do:Our core promise to our clients is to help them to build legacy through their belongings. Our website will be allow people to assign personal stories (ascrib","US, MI, Grand Rapids",Design,Not Applicable,Unspecified,Other,Art/Creative,True,false_positive,0.44226580394438536
11922,0,1,0.4370318100940273,Data Entry ($18/hr),"Monroe Staffing is a full-service staffing and consulting firm, serving companies ranging from Fortune 100 to new start-up organizations. We work with job seekers in an equally broad range, from light industrial temporary workers to executive level candidates. With offices throughout the Northeast and our newest office in North Carolina, we make it our business to know the local employment markets and our clients industries.Monroe Staffing provides a broad range of employment services and a best practices approach. From last-minute fill-ins to long-term strategic staffing plans; from a single high-level executive placement to a project team of specialists, we have developed effective strategies for finding and screening the most qualified staff based on our clients’ needs.",Data entry clerk needed for a 16 week project (could go longer).  The data entry clerk will be responsible for entering billing and insurance information into the database.,"US, TN, ",Staffing and Recruiting,Not Applicable,High School or equivalent,Contract,Data Analyst,True,false_positive,0.4370318100940273
6785,0,1,0.4292578079089277,Receptionist,,"Quest College is seeking an individual to join the staff as a Receptionist  Requirements:Professional demeanorUpbeat and positive attitudeProficient with Microsoft Word,      Excel, Outlook, Internet ExplorerGreat telephone etiquetteMust be able to work Monday – Friday      and extremely dependableSchedule varies between 7:30 am      – 8:00 pmExcel","US, TX, San Antonio",Education Management,Entry level,High School or equivalent,Full-time,Administrative,True,false_positive,0.4292578079089277
4521,0,1,0.42829995566444884,Data Entry,,•Prepares source data for computer entry by compiling and sorting information; establishing entry priorities.  •Processes customer and account source documents by reviewing data for deficiencies; resolving discrepancies by using standard procedures or returning incomplete documents to the team leader for resolution.•Enters customer and account data,"US, MI, ACME MI  ",,,,,,True,false_positive,0.42829995566444884
6608,0,1,0.424509461270045,Quality Engineer,,"The Quality Engineer is responsible for managing all quality assurance/control related activities for a specific deck of customers, including interaction with associates in other functional areas responsible for the same group of customers. Paramount in these activities is the short and long term resolution of internally and externally identified p","US, OH, cincinnati",Medical Devices,Mid-Senior level,Bachelor's Degree,Full-time,Engineering,True,false_positive,0.424509461270045
1659,0,1,0.42044755725100735,Data Entry,,Prepares source data for computer entry by compiling and sorting information; establishing entry priorities.  •Processes customer and account source documents by reviewing data for deficiencies; resolving discrepancies by using standard procedures or returning incomplete documents to the team leader for resolution.•Enters customer and account data ,"US, FL, miami",,,,,,True,false_positive,0.42044755725100735
17292,0,1,0.4182612256501932,Immediate Opening : J2EE Developer for Bahrain ,"VAM SYSTEMS is a Business Consulting, IT Solutions and Services company with operations in UAE, Qatar, Bahrain, USA, Australia, Singapore &amp; India. . We offers a comprehensive list of services in the field of IT infrastructure management, Cloud services, IT Consulting Services, Banking, Management Resources, Information Technology Development, Telecom, Aviation, Retail Management &amp; Government offerings.","Greetings from VAM SYSTEMS…..VAM SYSTEMS is a Business Consulting, IT Solutions and Services company with operations in UAE, Qatar, Bahrain, USA, Australia, Singapore &amp; India. We offers a comprehensive list of services in the field of IT infrastructure management, Cloud services, IT Consulting Services, Banking, Management Resources, Informatio","BH, 13, ",,,,,,True,false_positive,0.4182612256501932
6821,0,1,0.41234512369448395,Lawn Care Technician,,"We are currently looking for our next great Lawn Care Technician to join our successful team.  As a lawn care professional, you will be responsible to service customer lawns in your route as you apply fertilizer, treat weeds, and perform other professional applications while ensuring amazing customer service.  You may also be responsible for accura","US, IL, Wheeling",,,High School or equivalent,Full-time,,True,false_positive,0.41234512369448395
11327,0,1,0.39994083354281523,Administrative Assistant,"MedTalent is a modern staffing company that specializes in the placement of physicians, nurses and healthcare professionals across the United States. For job updates follow us on Twitter and Facebook ",Our customer is providing something new in Healthcare. Something based on what is best for the patient. Imagine being able to walk into a medical facility and being immediately received by someone who cares about the patient. Patients are seen rapidly and the average door to doctor time is less than 20 minutes. The facilities provide patient’s acce,"US, FL, Jacksonville",Hospital & Health Care,Associate,High School or equivalent,Full-time,Administrative,True,false_positive,0.39994083354281523
9327,0,1,0.3997044960165574,Big Data - Hadoop Designer,,"Position: BIG DATA - Hadoop DesignerLocation: Los Angeles, CA - 00592Duration: 6 months Contract ","US, CA, Los Angeles",Information Technology and Services,,,Contract,Information Technology,True,false_positive,0.3997044960165574
7745,0,1,0.39893210684693586,Customer Service Representative,,"The Customer Service Representative will provide an optimum level of service to the organization by obtaining, analyzing and verifying the accuracy of order information in a timely manner. Team spirit and a pro-active attitude is a necessity. Exceptional problem solving skills are required in order to deliver customer expectations.Essential Job Fun","CA, ON, Toronto",Management Consulting,Entry level,High School or equivalent,Full-time,Customer Service,True,false_positive,0.39893210684693586
14090,0,1,0.39011892118837765,Quality Systems Medical Device Consultant,,"The Quality Engineer Consultant will lead (primary ownership) or support (secondary ownership) Quality Systems remediation, including;  investigations, Medical Device Reporting (MDR), Complaints, CAPA, Non-Conformances (NCR), Change Controls, Production &amp; Process Controls, and Risk Management as assigned. Additionally, will lead improvements to","US, NJ, Wayne",Medical Devices,Mid-Senior level,Bachelor's Degree,Contract,Consulting,True,false_positive,0.39011892118837765
7803,0,1,0.388019121933752,Cognos Developer,,"Must have 5+ years experience in Cognos BI, Admin. Experience in Cognos best practices and design patterns is mandatory. MS BI skills are needed: SSIS, SSRS experience – if this is not present we need at least very strong SQL skills. Must have strong experience in writing complex SQL queries. Must have excellent knowledge of Data warehousing concep","US, WA, Seattle",Information Technology and Services,Executive,Bachelor's Degree,Full-time,Information Technology,True,false_positive,0.388019121933752
11123,0,1,0.38754741970791023,Hiring for all FOH and BOH Positions!,,"Trudy’s is always looking for the best!The benefits of working for Trudy’s include free meals, employee discounts, paid vacations, daily contests and bonuses. There is great advancement potential to bar and management positions. We want you to succeed!We want you to refer your friends too! If they stick with us for 6 months we’ll give you a $500 re","US, TX, Austin",Restaurants,,,,,True,false_positive,0.38754741970791023
2789,0,1,0.385370620554469,Administrative Assistant,"Ideal CRM is a sales consulting firm focused on Customer Relationship Management. We specialize in building and implementing high performing sales teams to increase productivity and profitability for businesses organizations. With more than 50 years of experience, our team has developed a proven and repeatable system supported by industry leading technology to improve profitability and effectiveness.Our ApproachWe invest time to get to know the ins and outs of your business before designing a program that aligns with your vision and objectives to ensure success.ASSESS: We invest time to get to know your business to align your requirements with your goalsIMPLEMENT: We develop and implement a custom training program to take your sales, marketing, and customer service team to the next level.EVALUATE: Performance objectives and goals are evaluated to ensure success. ","Customer Relationship Management specialist company looking to hire and Administrative Assistant. This is a telecommute position and all Candidates must be comfortable working from their homes.Location: Virtual (From your Home)Responsibilities:Provide administrative support to companyAccept phone calls, and arranges conference callsConduct research","US, PA, Philadelphia",Marketing and Advertising,Entry level,High School or equivalent,Full-time,Administrative,True,false_positive,0.385370620554469
16680,0,1,0.3848624983631674,Urgent Need :Oracle Developer for Bahrain.,"VAM SYSTEMS is a Business Consulting, IT Solutions and Services company with operations in UAE, Qatar, Bahrain, USA, Australia, Singapore &amp; India. . We offers a comprehensive list of services in the field of IT infrastructure management, Cloud services, IT Consulting Services, Banking, Management Resources, Information Technology Development, Telecom, Aviation, Retail Management &amp; Government offerings.","Greetings from VAM SYSTEMS…..VAM SYSTEMS is a Business Consulting, IT Technology Solutions and Services company with operations in UAE, Qatar, Bahrain, USA, Australia, Singapore &amp; India. We offers a comprehensive list of services in the field of IT infrastructure management, Cloud services, IT Consulting Services, Banking, Management Resources,","BH, , ",,,,,,True,false_positive,0.3848624983631674
16639,0,1,0.37988927694142394,Immediate Opening : Help Desk /Technical Support Coordinator,"VAM SYSTEMS is a Business Consulting, IT Solutions and Services company with operations in UAE, Qatar, Bahrain, USA, Australia, Singapore &amp; India. . We offers a comprehensive list of services in the field of IT infrastructure management, Cloud services, IT Consulting Services, Banking, Management Resources, Information Technology Development, Telecom, Aviation, Retail Management &amp; Government offerings.","Greetings from VAM SYSTEMS…..VAM SYSTEMS is a Business Consulting, IT Solutions and Services company with operations in UAE, Qatar, Bahrain, USA, Australia, Singapore &amp; India. . We offers a comprehensive list of services in the field of IT infrastructure management, Cloud services, IT Consulting Services, Banking, Management Resources, Informat","QA, , Doha",,,,,,True,false_positive,0.37988927694142394
12242,0,1,0.3766806515455679,Teaching Assistant,,Requirements:                                                                                                                                                                                                                                                                                                                                                 ,"US, FL, Jacksonville",,,,,,True,false_positive,0.3766806515455679
679,0,1,0.37552865396413526,Telesales,,"True Home Value one of the top five home improvements company's in the USA is now hiring for immediate openings for our telesales department.  We are looking for professional, experienced and flexiable canidates to join our growing team.  Leads are generated by the company for outbound calls. You would recieve 100% paid training. This is the career","US, KY, Louisville",Telecommunications,Not Applicable,Unspecified,Full-time,Marketing,True,false_positive,0.37552865396413526
9191,0,1,0.37271969219257584,Accounts Payable Clerk,,OVERVIEWThis position requires an analytical thinker who has exceptional attention to detail.RESPONSIBILITIESIndividual will be responsible for the day-to-day administration and processing of the Accounts Payable function which includes the following:Responsible for accurate recording and timely payment of vendor invoicesAnalyze documentation assoc,"US, NY, ",,,Bachelor's Degree,,,True,false_positive,0.37271969219257584
11121,0,1,0.3724918325000668,(Senior) Structural Engineer,,"we are looking for a (Senior) Structural Engineer. The (Senior) Structural Engineer reports directly to the Manager Innovations.Job requirements:HTS/TU Civil Engineering or Mechanical Engineering;Minimum of 3 years experience, preferably in offshore engineering;Good knowledge of Windows and MS Office applications;Good command of the English languag","US, TX, HOUSTON",Oil & Energy,Mid-Senior level,Bachelor's Degree,Full-time,Engineering,True,false_positive,0.3724918325000668
3417,0,1,0.36926367580460917,Product & Service Testers,Consumer Bucks works with Fortune 500 Companies to give Consumers the best pay in the industry for product and service trials.,Our Company is looking for enthusiastic people to work from home as Product and Service testers. You will get paid a commission for each group of products and services that you test. You must have a home computer and a reliable Internet Connection.,"US, IL, Chicago",Consumer Services,Not Applicable,High School or equivalent,Full-time,Customer Service,True,false_positive,0.36926367580460917
1287,0,1,0.36571011094008715,Product & Service Testers,Consumer Bucks works with Fortune 500 Companies to give Consumers the best pay in the industry for product and service trials.,Our Company is looking for enthusiastic people to work from home as Product and Service testers. You will get paid a commission for each group of products and services that you test. You must have a home computer and a reliable Internet Connection.,"US, GA, Atlanta",Consumer Services,Not Applicable,High School or equivalent,Full-time,Customer Service,True,false_positive,0.36571011094008715
4673,0,1,0.35883801163644113,Operations/ Admin Supervisor / Awesome Person Wanted ASAP!,"Joint venture real estate investments with individual partners through a variety of different structures including: equity, RRSPs, private mortgages and short-term loans for corporate executive furnished rentals, single and multi-family rentals, rent-to-own properties, renovations, development and redevelopment projects throughout Calgary and neighboring areas. Having an interest in all of the projects that we undertake, leads to an owner driven investment strategy. Combined with focusing on long-term, sustainable returns, gives Equium an advantage in finding value in the Calgary real estate market.Turning active investing passive - creating hands off investments is our specialty; while still providing a healthy return on investment and strong growth options for the future.Contact one of our staff today to discuss your real estate investing future!","We are a small real estate investment firm with a growing portfolio of properties which require assistance to manage.Tasks may include: Answering phone calls, visiting tenants, arranging property showings, completing inspections, contractor meetings, arrangements and research, document pick up and delivery and bookkeeping.This position is ideal for","CA, AB, Calgary",Real Estate,Entry level,High School or equivalent,Full-time,Administrative,True,false_positive,0.35883801163644113
501,0,1,0.3559278222873532,Full Stack Business Development Manager,About Us.,Design and execute strategies that will grow revenues in both the short and long term. Leverage existing relationships to build new partnerships.,,Real Estate,Entry level,Vocational,Full-time,Business Analyst,True,false_positive,0.3559278222873532
1747,0,1,0.3559062964260863,Data Entry,,•Prepares source data for computer entry by compiling and sorting information; establishing entry priorities.  •Processes customer and account source documents by reviewing data for deficiencies; resolving discrepancies by using standard procedures or returning incomplete documents to the team leader for resolution.•Enters customer and account data,"US, PA, ACADEMY LIFE",,,,,,True,false_positive,0.3559062964260863
537,0,1,0.35562414337220066,Part-Time Administrative/Data Entry I,,"As Part Time Administrative Assistant/ Data Entry I you will be responsible for:-         Reporting directly to Account Managers-         Professional phone communication; phones, fax, email-         Responding to and resolving Customer Service issues-         Assisting managers and their meetings; transcribing notes, copying, organizing, preparing","US, CA, Dana Point",Consumer Services,Entry level,Unspecified,Part-time,,True,false_positive,0.35562414337220066
3813,0,1,0.35343205789826576,PT Administrative Assistant/Receptionist,"Dairy, food and beverage processors work within one of the most complex, competitive and precision-driven industries.  They need a partner they can rely on to address their operational issues.  W.M. Sprinkman has been providing system design, engineering and installation as well as stainless steel manufacturing, maintenance and servicing of equipment for over 80 years.  The secret (foundation/ core) of our longevity is our incredibly talented and dedicated staff from sales to service, concepts to installation.  ","W.M. Sprinkman, a premier provider of custom solutions for the dairy, food and beverage industries is looking for a skilled administrative assistant to provide an outstanding first impression to its visitors and callers.  This person will also work with the plant leadership to arrange travel, complete data entry for cost analysis and other administ","US, WI, Elroy",Mechanical or Industrial Engineering,Entry level,High School or equivalent,Part-time,Administrative,True,false_positive,0.35343205789826576
5138,0,1,0.34908944354661936,SAS Data Mining Analyst,,"SAS DATA MINING ANALYST - 6 MONTH PRO RATA CONTRACT - $110,000 - HOUSTONMy client is looking for a Data Mining Analyst skilled in SAS. You will be required to perform advanced data analysis, utilise data mining techniques and produce complex statistical models. My client is looking for someone who can develop complicated algorithms and use advanced","US, TX, Houston",,,,,,True,false_positive,0.34908944354661936
2461,0,1,0.3479089800350579,Customer Service Representative ,"About Us:Based in Bethlehem, PA, EcoTech Marine has revolutionized the way people think about water movement in reef aquariums.  Our technologically superior pumps produce unmatched broad yet gentle flow, while placing the motor outside the tank—preserving the beauty and enhancing the health of aquarium ecosystems.Watch a video about us here:    #URL_6120f629b5d41394b63e888613ab955b7e775a494d3d038caf617df5b28c9787#The EcoTech leadership team consists of aquarium enthusiasts and engineers with a penchant for challenging the status quo.  We have worked tirelessly to improve the “state of the art” to enable our customers to have the healthiest, safest and smartest aquarium possible.  That’s why our products offer a wide variety of easy-to-program modes and have been thoroughly tested and endorsed by marine-biologists—making it the most versatile and life-like pump on the market.","EcoTech Marine is seeking someone who’s self-motivated, customer-focused, and has a passion for reef aquariums for our new Customer Service Representative role.  This position has been created due to company growth, and presents a great opportunity to showcase your industry passion and your customer interaction skills!As an EcoTech Marine Customer ","US, PA, Allentown",Consumer Goods,Not Applicable,High School or equivalent,Full-time,Customer Service,True,false_positive,0.3479089800350579
15189,0,1,0.34633098648928584,Commissioned Sales Rep - Nationwide,#URL_1d83f1a3e1e8a88f4c1622930ea14a4f0d6591065c616ef0acac986862cdfd9a# is looking for people who want to have a lot of fun and make money at the same time!  If You Want To:Work From Home Part-Time!Have Unlimited Commission Potential!Get Started Today To Make Money Today!Come and visit us today at: #URL_1d83f1a3e1e8a88f4c1622930ea14a4f0d6591065c616ef0acac986862cdfd9a#,"Work From Home! No Experience Necessary! Unlimited Commission! No Fees to Pay!VaniTEES,LLC is a start-up T-Shirt Company specializing in Beautiful Rhinestone Garments. We are looking for people who want to have fun earning money selling our Personalized, Custom and Stock Designs, while working from the comfort of your own home! There are no monthly","US, DC, Washington",Apparel & Fashion,Entry level,High School or equivalent,Part-time,Sales,True,false_positive,0.34633098648928584
9740,0,1,0.34501764724021083,Medication Order Clerk,,Job Description                                                                                                                                                                                                                                                                                                                                               ,"US, FL, Jacksonville",,,,,,True,false_positive,0.34501764724021083
16771,0,1,0.3421259863014267,Urgent Need : Postilion Switch Expert for UAE ,"VAM SYSTEMS is a Business Consulting, IT Solutions and Services company with operations in UAE, Qatar, Bahrain, USA, Australia, Singapore &amp; India. . We offers a comprehensive list of services in the field of IT infrastructure management, Cloud services, IT Consulting Services, Banking, Management Resources, Information Technology Development, Telecom, Aviation, Retail Management &amp; Government offerings.","Greetings from VAM SYSTEMS…..VAM SYSTEMS is a Business Consulting, IT Technology Solutions and Services company with operations in UAE, Qatar, Bahrain, USA, Australia, Singapore &amp; India. We offers a comprehensive list of services in the field of IT infrastructure management, Cloud services, IT Consulting Services, Banking, Management Resources,","AE, , ",,,,,,True,false_positive,0.3421259863014267
6279,0,1,0.338812503831002,Payroll Assistant ,,Our client is currently in the middle of a migration to Kronos for their timekeeping and looking for assistance with data entry.This position will require someone witha strong data entry backgroundintermediate to strong excel skillsIt will be an added bonus if you have experience with Kronos and/or working in a payroll environment.We have a number ,"US, CA, Redwood City",,,,Temporary,Human Resources,True,false_positive,0.338812503831002
16679,0,1,0.3358864705204775,Urgent Need : JAVA Developer for Qatar,"VAM SYSTEMS is a Business Consulting, IT Solutions and Services company with operations in UAE, Qatar, Bahrain, USA, Australia, Singapore &amp; India. . We offers a comprehensive list of services in the field of IT infrastructure management, Cloud services, IT Consulting Services, Banking, Management Resources, Information Technology Development, Telecom, Aviation, Retail Management &amp; Government offerings.","Greetings from VAM SYSTEMS…..VAM SYSTEMS is a Business Consulting, IT Solutions and Services company with operations in UAE, Qatar, Bahrain, USA, Australia, Singapore &amp; #URL_6049cb3fe36e28a8da4a0d3b6c5879b010b17ba13e0447f0eb27e28b2c99f67d# offers a comprehensive list of services in the field of IT infrastructure management, Cloud services, IT C","QA, , ",,,,,,True,false_positive,0.3358864705204775
16697,0,1,0.32732420238971716,Freight Forwarding Sales,,"FREIGHT FORWARDING EXPERIENCE IS A MUST AND REQUIRED! Do NOT apply otherwise!!!BOOK OF BUSINESS IS NOT REQUIRED, WE HONOR NON COMPETE CLAUSES, BUT INDUSTRY EXPERIENCE IS A MUST.EXCELLENT ABOVE INDUSTRY BASE PAY and COMMISSION STRUCTURE.THIS JOB IS FOR THE EXPERIENCED SALES EXECUTIVE WHO WANTS TO BUMP UP THEIR PAY STRUCTURE AND RECEIVE THE EXCELLENT","US, CA, Los Angeles",Logistics and Supply Chain,Mid-Senior level,High School or equivalent,Full-time,Sales,True,false_positive,0.32732420238971716
16686,0,1,0.3253180973084788,Urgent Need : Oracle HRMS Functional Consultant for Bahrain,"VAM SYSTEMS is a Business Consulting, IT Solutions and Services company with operations in UAE, Qatar, Bahrain, USA, Australia, Singapore &amp; India. . We offers a comprehensive list of services in the field of IT infrastructure management, Cloud services, IT Consulting Services, Banking, Management Resources, Information Technology Development, Telecom, Aviation, Retail Management &amp; Government offerings.","Greetings from VAM SYSTEMS…..VAM SYSTEMS is a Business Consulting, IT Solutions and Services company with operations in UAE, Qatar, Bahrain, USA, Australia, Singapore &amp; India. We offers a comprehensive list of services in the field of IT infrastructure management, Cloud services, IT Consulting Services, Banking, Management Resources, Informatio","BH, , ",,,,,,True,false_positive,0.3253180973084788
14064,0,1,0.32390897317274514,Staff Accountant,,"Description:Research &amp; resolve intercompany reconciling items, Cash application, review and preparation of outsourcer metricsExcellent Excel skills, SAP Experience , work independently, team player, strong communication skills, Accounting background preferred. MUST HAVE AT LEAST 4 YEARS RELATED EXPERIENCERegards,Sagar Patchala| Sunrise Systems ","US, TN, Memphis",Pharmaceuticals,Mid-Senior level,,Contract,Accounting/Auditing,True,false_positive,0.32390897317274514
5244,0,1,0.31904142070800307,Administrative Assistant,"MRSI is a nonprofit organization established in 1977 by a group of parents and professionals as a local alternative to the institutionalization of people with intellectual or emotional disabilities. We provide an array of services from group homes, respite care, affordable housing, homemaker/personal care services, vocational, recreational, and social activities.",       Normal  0          false  false  false    EN-US  X-NONE  X-NONE                                                                                                                                                                                                                                                                                        ,"US, OH, Celina",Nonprofit Organization Management,Mid-Senior level,Unspecified,Full-time,,True,false_positive,0.31904142070800307
7898,0,1,0.3146543410871329,Executive Administrative Assistant,,"The Executive Assistant shall be responsible for providing administrative support services as well as guidance and program supportwithin a variety of administrative, analytical and financial related functions. Executive Assistant is expected to providerecommendations for improvements in administrative processes, data compilations and administrative","US, VA, Arlington",,,,,,True,false_positive,0.3146543410871329
10444,0,1,0.3130018256819776,Medical Receptionist/Scheduler,,"ReGenesis Counseling &amp; Assessment Center-Arlington has an immediate openings for Medical Assistant/Receptionist.  We are looking for  energetic, compassionate, organized and experienced candidates to join our fast-growing team. Bilingual preferred.  Medical office experience required.  Job DescriptionUnder general supervision, schedules appoint","US, TX, Arlington",Hospital & Health Care,Associate,High School or equivalent,Part-time,Administrative,True,false_positive,0.3130018256819776
17383,0,1,0.31133776842774674,Warehouse Office Manager,,"This position provides office support with a variety of clerical and customer service activities and related tasks for the new, Lawrenceville, GA Warehouse location. This position will also be responsible for various warehouse duties.","US, GA, ",Warehousing,,,Full-time,Administrative,True,false_positive,0.31133776842774674
156,0,1,0.31123121455525043,Customer Service Professional - Property Management Industry Exp.,,"Since its founding in 1992, Edgewood Properties has established itself as a leading real estate development and property management company. With corporate headquarters in New Jersey, the company is on a course of growth leading to activities across the nation.  Edgewood Properties is current interviewing for a property management customer service ","US, NJ, Piscataway",Real Estate,Associate,High School or equivalent,Full-time,Customer Service,True,false_positive,0.31123121455525043
6427,0,1,0.3110644984591023,Senior Quant Analyst,"Formed in 2006, Saul&amp;Partners is an executive search consulting firm specialising in talent management for permanent staff and interim consultants. We provide search services for vertical niche markets of Risk Management within Banking, Asset Management, FS and Online Digital Media industries. We search for executives from Business through to Sales, Business Development, Risk (OpRisk/Market/Credit), Treasury, ALM, Balance Sheet Management, Operations and Compliance.Our consultants draw on the expertise of Saul&amp;Partners to ensure we achieve the best job matches in the market.","Senior Quant AnalystOur client is an award winning High-Frequency Prop. Trading firm specializing in trading Fixed Income, Equity, and oil options. They're based in the city, and they're looking for a . Quant Analyst with a very strong academic background and 4-5 years of experience to join their team. ","GB, , ",Financial Services,Associate,Doctorate,Full-time,Financial Analyst,True,false_positive,0.3110644984591023
8134,0,1,0.3078949666448262,ETL Hadoop Developer,,"Position: ETL Hadoop DeveloperLocation: Los Angeles, CA - 00592Duration: 6 months Contract ","US, CA, Los Angeles",Information Technology and Services,Mid-Senior level,,Contract,Information Technology,True,false_positive,0.3078949666448262
16780,0,1,0.306135997327693,Lean Expert  Required for  UAE,"VAM SYSTEMS is a Business Consulting, IT Solutions and Services company with operations in UAE, Qatar, Bahrain, USA, Australia, Singapore &amp; India. . We offers a comprehensive list of services in the field of IT infrastructure management, Cloud services, IT Consulting Services, Banking, Management Resources, Information Technology Development, Telecom, Aviation, Retail Management &amp; Government offerings.","Greetings from VAM SYSTEMS…..VAM SYSTEMS is a Business Consulting, IT Solutions and Services company with operations in UAE, Qatar, Bahrain, USA, Australia, Singapore &amp; India. We offers a comprehensive list of services in the field of IT infrastructure management, Cloud services, IT Consulting Services, Banking, Management Resources, Informatio","AE, DU, ",,,,,,True,false_positive,0.306135997327693
11625,0,1,0.3060358146861705,Title Insurance: Residential Escrow Assistant -Austin,#URL_e7c9057d5e6f097876436d175031e95669ede4ebaab52b6be0957c837bc98343#,"Well established, well run Title Company in the Austin-Westlake area has a great opportunity for a Residential Escrow Assistant.(minimum of 2 yrs experience required)The Residential Escrow Assistant maintains ownership and customer support through-out the life of a file. Additional duties include new contract/order data review and entry. The escrow","US, TX, Austin",Real Estate,Associate,,Full-time,,True,false_positive,0.3060358146861705
16971,0,1,0.30491013792107385,Customer Service - Work From Home,,Do you have 1+ year of customer service/call center experience? Are you looking for flexibility in scheduling and the availability to work from home? We are currently hiring customer service agents with flexible scheduling and you can work from anywhere! This is not a sales position and you do not make outbound calls. Calls you will be taking will ,"US, GA, ",Consumer Services,Entry level,High School or equivalent,Contract,Customer Service,True,false_positive,0.30491013792107385
4479,0,1,0.30049314113515724,Controls Engineer- Programming & Debug of PLC- Automotive Environment,,Job Description:Full time long term contract opening requires candidate to do programming and debugging of PLC Controls in an automotive environment. Experience on Allen Bradley Controls &amp; Control Logix is required. Some travel will be required.Salary:COMPENSATION IS NEGOTIABLE along with full benefits and overtime. ,"US, , ",,,,,,True,false_positive,0.30049314113515724
8223,0,1,0.2899187342167951,Administrative Assistant,Hiring made easy for Digital Jobs,"About the JobWe are a law firm based in Port Louis seeking a candidate with strong administrative background and with some Accounting experience. We are looking for someone with a pleasant attitude to greet customers, detailed conscious to ensure all administrative work is done to perfection.This position is from Monday to Friday with work hours fr","MU, PL, ",Law Practice,Entry level,High School or equivalent,Full-time,Administrative,True,false_positive,0.2899187342167951
14432,0,1,0.2892873632795579,Administrative Assistant,"De Novo Group is a non-profit organization based out of Berkeley and backed by Google and federal grants.  We turn cutting-edge research into sustainable solutions to impact developing communities in the US and abroad, and to expand human rights in oppressive regimes.We are a small and nimble multi-disciplinary team and operate like a typical startup. Our office is located on the beautiful UC Berkeley campus but we are also flexible and mostly work remotely from home or the friendly neighborhood cafe.","De Novo Group is a non-profit organization based out of Berkeley and backed by Google and federal grants.  We turn cutting-edge research into sustainable solutions to impact developing communities in the US and abroad, and to expand human rights in oppressive regimes.We are seeking applicants for an administrative assistant to join our exciting tea","US, CA, Berkeley",Nonprofit Organization Management,Associate,Associate Degree,Contract,Administrative,True,false_positive,0.2892873632795579
4933,0,1,0.28846603539164883,Cold Calling - Part-Time,,"Ron Christopher Co., Inc. (RCC) is a Mergers and Acquistions firm that helps buyers and sellers of independent insurance agencies.  We are currently seeking a part-time invididual to make cold calls to insurance agency owners.  You can work from  your own home office or from our office in the New Albany/Gahanna area of Columbus.  To start, RCC is s","US, OH, Columbus",Insurance,Associate,High School or equivalent,Part-time,Sales,True,false_positive,0.28846603539164883
4435,0,1,0.2867921624376794,Direct Sales People,,"We are about to launch a new Discount Voucher Website and are looking for sales people to promote it direct to local businesses etc. This position can be either full time or part time, working hours that suit you. The job involves visiting local shops &amp; busineses and getting them to list a 'discount voucher' on our website. You will earn £25 pe","GB, , ",,,,,,True,false_positive,0.2867921624376794
3658,0,1,0.2828405810076983,"Simatic IT MES (Detroit, MI) - Teamcenter Consultant (Houston, TX) - PDMLink (Cincinnati, OH)",,"I am hiring for many positions as mentioned below:Simatic IT MES - Detroit. Michigan, USA -Teamcenter Consultant - Houston, Texas -PDMLink Migration Project - Cincinnati OH -Mechanical Engineers, Technicians for Multiple Location in USA -Send Resume to #EMAIL_b8a051ea2c0573b136b1efaa1a87613a2b12b97c41b5d98ca215fb7349ee4653#Regards;&nbsp;  Prashant ","US, , ",,,,,,True,false_positive,0.2828405810076983
999,0,1,0.2798313935558087,Bookeeper/Supply Manager,,"Full time Bookkeeper for local Southampton energy firm with proven QuickBooks 2013 experience in all aspects of accounting. A/R, A/P, General Ledger, reconciliations / reports, purchase orders, and other office responsibilities.  Supply planning experience a plus.  Please only apply if you have heavy Quickbooks experience.Send resume with salary re","US, NY, Southampton",Environmental Services,Associate,,Full-time,Accounting/Auditing,True,false_positive,0.2798313935558087
228,0,1,0.2790907641354181,Telesales ,,"This is a fantastic opportunity for the right people who have the ability to really push themselves and remain focused on the job. This is a one off posting for this job so don't miss the boat!! Our advisers will not only earn excellent commissions but will also enjoy what they are doing, This is not your typical sales job where you dread the getti","GB, LIN, grimsby",Market Research,Not Applicable,Unspecified,Full-time,Advertising,True,false_positive,0.2790907641354181
1157,0,1,0.2770442952661768,Finance Assistant,,"Our Company has a new position available for an experienced Finance Assistant wishing to join a successful stable organisation.Elements of these roles may include:* Financial &amp; Business analysis and modelling, particularly cash flow;* provides assurance about the accuracy of information contained in financial reports and their compliance with s","AU, NSW, Sydney",,,,,,True,false_positive,0.2770442952661768
12059,0,1,0.27575363928675695,Project Manager - R&D (Medical/Healthcare),,"Qualifications:Candidates must have medical device R&amp;D experience.Advanced MS Project skills, experience with Project Server, MS Office (Word, Excel, PowerPoint).Excellent communication skills.PMP Certification preferred.Minimum of 10 years of project management and/or project scheduling.Must have had primary responsibility for a multi-project ","US, NJ, Franklin Lakes",Medical Devices,Mid-Senior level,Bachelor's Degree,Contract,Project Management,True,false_positive,0.27575363928675695
1200,0,1,0.27463519881635423,Casual/Part-Time Position,,Our International Company is seeking an active employee. We give a work for everybody.Part-Time $430 per a week.Basic characteristics:· Energy· Enthusiasm· Willingness to learn· Strong work ethic· ReliabilityWe are looking forward for your CV with your full name and e-mail. #EMAIL_00e35a10817c0d8e20fb7b138204884f53bb960cf21350f2232d5cb7cd8ff070#,"AU, NSW, Sydney",,,,,,True,false_positive,0.27463519881635423
8756,0,1,0.2733053009891746,Service Ambassadors,Hiring made easy for Digital Jobs,We are currently recruiting for our ON-CALL program for Service Agents.You will join a team of young talents where you will benefit from:Formal Training in Customer Service and Technology ProcessPaid program when called to replace existing team members.You will more importantly be first in line when we request for full-time Service Agent position,"MU, QB, Ebene",Information Technology and Services,Entry level,High School or equivalent,Contract,Customer Service,True,false_positive,0.2733053009891746
6890,0,1,0.27296516577523827,ACCOUNTING ASSISTANT,,Perform all accounting and tax transaction for a full accounting system company,"GR, I, KIFISSIA",Pharmaceuticals,Entry level,Bachelor's Degree,Full-time,Accounting/Auditing,True,false_positive,0.27296516577523827
6742,0,1,0.2685735136451132,Customer Service Representative,"Since 2005, Allied Secured Benefits, a leading financial planning and insurance brokerage company, has helped thousands of clients secure their financial futures.Headquartered in Denver, Colorado, Allied Secured Benefits is an independent financial agency representing more than 20 insurance and investment companies.Allied Secured Benefits operates in more than a dozen states, and is a one-stop shop for a wide range of financial products, and is an industry expert in Protection Insurance.First located in Georgia, Allied Secured Benefits relocated to Denver, Colorado in 2012, where it continued to grow its network of agents and brokers throughout the country, as well as, add dozens of products and insurance carriers to its repertoire.Heather Carr-DavisRegional Recruiting Manager","If you are passionate about helping people, you may be a good fit for our Customer Service Representative position. As a Customer Service Representative for Allied Secured Benefits, you will help manage Customer Accounts, respond to email inquiries, and help Customers sign up for the service that best suits their needs. This is a telecommute positi","US, IL, Chicago",Insurance,Entry level,High School or equivalent,Full-time,Customer Service,True,false_positive,0.2685735136451132
6790,0,1,0.2670416451009436,Customer Service Representative,"Since 2005, Allied Secured Benefits, a leading financial planning and insurance brokerage company, has helped thousands of clients secure their financial futures.Headquartered in Denver, Colorado, Allied Secured Benefits is an independent financial agency representing more than 20 insurance and investment companies.Allied Secured Benefits operates in more than a dozen states, and is a one-stop shop for a wide range of financial products, and is an industry expert in Protection Insurance.First located in Georgia, Allied Secured Benefits relocated to Denver, Colorado in 2012, where it continued to grow its network of agents and brokers throughout the country, as well as, add dozens of products and insurance carriers to its repertoire.Heather Carr-DavisRegional Recruiting Manager","If you are passionate about helping people, you may be a good fit for our Customer Service Representative position. As a Customer Service Representative for Allied Secured Benefits, you will help manage Customer Accounts, respond to email inquiries, and help Customers sign up for the service that best suits their needs. This is a telecommute positi","US, GA, Atlanta",Insurance,Entry level,High School or equivalent,Full-time,Customer Service,True,false_positive,0.2670416451009436
16972,0,1,0.266165386463219,Data Architect,,"Job Title:    Data ArchitectLocation:    NYC, NY Duration:     6+ Months Contract Job Description:    Be part of a team designing business and technology solutions.Regularly launch products and services based on your work and be a creative and integral part of making these a success.Elicit requirements and prioritize them with a wider team.Guide, i","US, , ",,,,Contract,,True,false_positive,0.266165386463219
16685,0,1,0.26392725844764564,Immediate Opening : Dotnet Developer ,"VAM SYSTEMS is a Business Consulting, IT Solutions and Services company with operations in UAE, Qatar, Bahrain, USA, Australia, Singapore &amp; India. . We offers a comprehensive list of services in the field of IT infrastructure management, Cloud services, IT Consulting Services, Banking, Management Resources, Information Technology Development, Telecom, Aviation, Retail Management &amp; Government offerings.","Greetings from VAM SYSTEMS…..VAM SYSTEMS is a Business Consulting, IT Solutions and Services company with operations in UAE, Qatar, Bahrain, USA, Australia, Singapore &amp; India. . We offers a comprehensive list of services in the field of IT infrastructure management, Cloud services, IT Consulting Services, Banking, Management Resources, Informat","AE, DU, Dubai",,,,,,True,false_positive,0.26392725844764564
16996,0,1,0.26206826553589896,EXCELLENT ER RN Opportunity Available Now,,"Our client, located in Urban, IL, is looking for an ER RN to become a member of their team ASAP!Our client is an institution of high quality care, medical research, and education. They serve people. Our client is a healthcare leader in central Illinois as a level 1 trauma center and 345 - bed Magnet hospital. Our client’s employees reflect the orga","US, IL, Urbana",Hospital & Health Care,,,Full-time,Health Care Provider,True,false_positive,0.26206826553589896
12796,0,1,0.2607866884820917,Receptionist,"Century 21 Martinez &amp; Associates has been in the Real Estate business for over 14 years. We are the number one ranked Century 21 Office for the South West Region which is comprised of 4 states and 52 offices. We do all of this with 50 agents, a professional courteous staff and a dedication to excellence. Our office staff and agents are of a diverse background which brings a different perspective to projects and challenges and also makes it a great place to work! All qualified applicants are encouraged to apply.","Our ideal candidate will be professional, with exceptional customer service skills and a passion for helping people. A successful candidate will also be collaborative, reliable, detail oriented and organized with the ability to maintain order in a dynamic environment.Duties will include but are not limited to:Answering phonesInformation and referra","US, NV, Las vegas",Real Estate,Not Applicable,High School or equivalent,Full-time,Administrative,True,false_positive,0.2607866884820917
13085,0,1,0.25915939170230223,Bilingual Products and Services Coordinator II,,"MUST BE BILINGUAL (English/Spanish)Provide excellent customer service to internal and external customers as well as able to perform back office data entry functions. Direct phone communication with external customers and internal departments, assuring that customer’s needs are met while exceeding expectations. Position shares responsibility for acc","US, FL, St. Petersburg",,,,,,True,false_positive,0.25915939170230223
3988,0,1,0.2560363479197154,Part-Time Sales Referral Positions,,A national website design and marketing company is looking for self managed and highly motivated people who are interested in set your own hours.  My48HourWebsite creates and manages websites for small businesses.  We are looking for representation throughout the United States.  You will identify opportunities for us to persue. We provide a complet,"US, , City",Consumer Services,Entry level,High School or equivalent,Part-time,Sales,True,false_positive,0.2560363479197154
